controller,value,date,time
,,,
MIST,1,2020-10-12,05:08:01
MIST,1,2020-10-12,05:08:01
MIST,1,2020-10-12,05:08:01
MIST,1,2020-10-12,05:08:01
MIST,0,2020-10-12,05:34:31
MIST,0,2020-10-12,05:34:31
MIST,1,2020-10-12,06:21:01
MIST,0,2020-10-12,06:23:01
MIST,0,2020-10-12,06:23:01
MIST,0,2020-10-12,06:23:01
MIST,1,2020-10-12,06:40:31
MIST,0,2020-10-12,06:42:46
MIST,0,2020-10-12,06:42:46
MIST,0,2020-10-12,06:42:46
MIST,1,2020-10-12,06:54:31
MIST,0,2020-10-12,12:32:31
MIST,0,2020-10-12,12:32:31
MIST,0,2020-10-12,12:32:31
MIST,0,2020-10-12,12:32:31
MIST,0,2020-10-12,12:32:31
MIST,1,2020-10-12,13:29:01
MIST,1,2020-10-12,13:29:01
MIST,0,2020-10-12,13:30:46
MIST,0,2020-10-12,13:30:46
MIST,1,2020-10-12,13:35:16
MIST,1,2020-10-12,13:35:16
MIST,0,2020-10-12,16:04:31
,,,
MIST,1,2020-10-16,09:37:46
MIST,0,2020-10-16,09:54:31
MIST,0,2020-10-16,09:54:31
MIST,0,2020-10-16,09:54:31
MIST,0,2020-10-16,09:54:31
MIST,0,2020-10-16,09:54:31
MIST,1,2020-10-16,10:20:01
MIST,0,2020-10-16,10:48:01
MIST,1,2020-10-16,10:56:01
MIST,0,2020-10-16,11:05:16
MIST,1,2020-10-16,11:07:16
MIST,0,2020-10-16,11:56:16
MIST,1,2020-10-16,12:00:01
MIST,0,2020-10-16,12:38:46
MIST,0,2020-10-16,12:38:46
MIST,0,2020-10-16,12:38:46
MIST,0,2020-10-16,12:38:46
MIST,0,2020-10-16,12:38:46
MIST,1,2020-10-16,12:47:16
MIST,0,2020-10-16,13:17:01
MIST,0,2020-10-16,13:17:01
MIST,0,2020-10-16,13:17:01
MIST,1,2020-10-16,13:29:46
MIST,1,2020-10-16,13:29:46
MIST,0,2020-10-16,13:42:01
MIST,0,2020-10-16,13:42:01
MIST,1,2020-10-16,13:55:01
MIST,1,2020-10-16,13:55:01
MIST,0,2020-10-16,14:26:31
,,,
,,,
,,,
MIST,1,2020-10-17,08:51:01
MIST,0,2020-10-17,08:55:31
MIST,1,2020-10-17,08:55:46
MIST,1,2020-10-17,08:55:46
MIST,0,2020-10-17,08:58:16
MIST,0,2020-10-17,08:58:16
MIST,1,2020-10-17,08:58:31
MIST,0,2020-10-17,09:21:31
MIST,1,2020-10-17,09:21:46
MIST,0,2020-10-17,09:49:16
MIST,0,2020-10-17,09:49:16
MIST,0,2020-10-17,09:49:16
MIST,0,2020-10-17,09:49:16
MIST,0,2020-10-17,09:49:16
MIST,1,2020-10-17,10:00:46
MIST,0,2020-10-17,16:08:01
MIST,0,2020-10-17,16:08:01
,,,
,,,
,,,
,,,
,,,
MIST,1,2020-10-18,09:29:46
MIST,0,2020-10-18,16:05:01
MIST,0,2020-10-18,16:05:01
MIST,0,2020-10-18,16:05:01
MIST,0,2020-10-18,16:05:01
MIST,0,2020-10-18,16:05:01
MIST,0,2020-10-18,16:05:01
MIST,0,2020-10-18,16:05:01
MIST,0,2020-10-18,16:05:01
,,,
MIST,1,2020-10-19,08:25:16
MIST,1,2020-10-19,08:25:16
MIST,0,2020-10-19,08:37:16
MIST,0,2020-10-19,08:37:16
MIST,1,2020-10-19,08:39:46
MIST,0,2020-10-19,08:44:16
MIST,1,2020-10-19,08:44:31
MIST,0,2020-10-19,08:49:46
MIST,1,2020-10-19,08:50:16
MIST,0,2020-10-19,15:16:46
MIST,1,2020-10-19,15:19:01
MIST,0,2020-10-19,16:05:46
MIST,0,2020-10-19,16:05:46
MIST,0,2020-10-19,16:05:46
MIST,0,2020-10-19,16:05:46
,,,
,,,
,,,
,,,
,,,
,,,
,,,
,,,
,,,
,,,
,,,
MIST,1,2020-10-20,08:19:16
MIST,0,2020-10-20,08:23:16
MIST,1,2020-10-20,08:28:31
MIST,0,2020-10-20,08:29:31
MIST,1,2020-10-20,08:31:31
MIST,1,2020-10-20,08:31:31
MIST,0,2020-10-20,08:32:16
MIST,0,2020-10-20,08:32:16
MIST,1,2020-10-20,08:36:31
MIST,0,2020-10-20,09:11:01
MIST,0,2020-10-20,09:11:01
MIST,0,2020-10-20,09:11:01
MIST,1,2020-10-20,09:33:31
MIST,0,2020-10-20,14:24:31
MIST,0,2020-10-20,14:24:31
MIST,0,2020-10-20,14:24:31
MIST,1,2020-10-20,14:44:46
MIST,0,2020-10-20,16:10:31
MIST,0,2020-10-20,16:10:31
,,,
MIST,1,2020-10-21,06:01:31
MIST,0,2020-10-21,08:33:31
MIST,0,2020-10-21,08:33:31
MIST,0,2020-10-21,08:33:31
MIST,1,2020-10-21,08:43:01
MIST,1,2020-10-21,08:43:01
MIST,0,2020-10-21,09:16:01
MIST,0,2020-10-21,09:16:01
MIST,0,2020-10-21,09:16:01
MIST,0,2020-10-21,09:16:01
MIST,1,2020-10-21,09:50:31
MIST,0,2020-10-21,09:58:01
MIST,0,2020-10-21,09:58:01
MIST,0,2020-10-21,09:58:01
MIST,0,2020-10-21,09:58:01
,,,
,,,
,,,
,,,
,,,
MIST,1,2020-10-22,04:10:01
MIST,0,2020-10-22,04:25:01
MIST,0,2020-10-22,04:25:01
MIST,0,2020-10-22,04:25:01
MIST,1,2020-10-22,04:41:01
MIST,0,2020-10-22,05:02:31
MIST,0,2020-10-22,05:02:31
MIST,0,2020-10-22,05:02:31
MIST,1,2020-10-22,05:37:31
MIST,0,2020-10-22,06:49:01
MIST,1,2020-10-22,06:50:31
MIST,0,2020-10-22,07:04:31
MIST,1,2020-10-22,07:07:01
MIST,1,2020-10-22,07:07:01
MIST,0,2020-10-22,07:15:31
MIST,0,2020-10-22,07:15:31
MIST,1,2020-10-22,08:58:01
MIST,0,2020-10-22,09:00:01
MIST,0,2020-10-22,09:00:01
MIST,0,2020-10-22,09:00:01
MIST,0,2020-10-22,09:00:01
MIST,0,2020-10-22,09:00:01
MIST,0,2020-10-22,09:00:01
MIST,0,2020-10-22,09:00:01
MIST,0,2020-10-22,09:00:01
,,,
,,,
,,,
,,,
,,,
,,,
,,,
,,,
,,,
,,,
,,,
,,,
,,,
MIST,1,2020-10-23,03:01:01
MIST,0,2020-10-23,03:01:31
MIST,0,2020-10-23,03:01:31
MIST,0,2020-10-23,03:01:31
MIST,0,2020-10-23,03:01:31
MIST,0,2020-10-23,03:01:31
MIST,1,2020-10-23,04:32:31
MIST,0,2020-10-23,04:35:01
MIST,0,2020-10-23,04:35:01
MIST,0,2020-10-23,04:35:01
MIST,1,2020-10-23,04:49:01
MIST,0,2020-10-23,04:51:31
MIST,0,2020-10-23,04:51:31
MIST,0,2020-10-23,04:51:31
MIST,0,2020-10-23,04:51:31
MIST,0,2020-10-23,04:51:31
MIST,1,2020-10-23,05:52:01
MIST,0,2020-10-23,05:54:31
MIST,0,2020-10-23,05:54:31
MIST,0,2020-10-23,05:54:31
MIST,0,2020-10-23,05:54:31
MIST,0,2020-10-23,05:54:31
MIST,1,2020-10-23,06:31:01
MIST,0,2020-10-23,06:32:31
MIST,0,2020-10-23,06:32:31
MIST,0,2020-10-23,06:32:31
MIST,1,2020-10-23,06:49:31
MIST,0,2020-10-23,06:51:31
MIST,0,2020-10-23,06:51:31
MIST,0,2020-10-23,06:51:31
MIST,0,2020-10-23,06:51:31
MIST,0,2020-10-23,06:51:31
MIST,1,2020-10-23,07:44:31
MIST,0,2020-10-23,07:47:31
MIST,1,2020-10-23,08:14:31
MIST,0,2020-10-23,08:17:01
MIST,0,2020-10-23,08:17:01
MIST,0,2020-10-23,08:17:01
MIST,0,2020-10-23,08:17:01
MIST,0,2020-10-23,08:17:01
MIST,0,2020-10-23,08:17:01
MIST,0,2020-10-23,08:17:01
MIST,0,2020-10-23,08:17:01
MIST,0,2020-10-23,08:17:01
MIST,0,2020-10-23,08:17:01
MIST,0,2020-10-23,08:17:01
MIST,0,2020-10-23,08:17:01
MIST,0,2020-10-23,08:17:01
MIST,0,2020-10-23,08:17:01
,,,
,,,
,,,
,,,
,,,
,,,
,,,
,,,
,,,
,,,
,,,
MIST,1,2020-10-24,04:23:31
MIST,0,2020-10-24,04:26:01
MIST,0,2020-10-24,04:26:01
MIST,0,2020-10-24,04:26:01
MIST,0,2020-10-24,04:26:01
MIST,0,2020-10-24,04:26:01
MIST,0,2020-10-24,04:26:01
MIST,0,2020-10-24,04:26:01
MIST,0,2020-10-24,04:26:01
MIST,0,2020-10-24,04:26:01
MIST,1,2020-10-24,08:04:01
MIST,0,2020-10-24,08:06:31
MIST,0,2020-10-24,08:06:31
MIST,0,2020-10-24,08:06:31
MIST,1,2020-10-24,08:25:01
MIST,0,2020-10-24,08:26:31
MIST,0,2020-10-24,08:26:31
MIST,0,2020-10-24,08:26:31
MIST,1,2020-10-24,08:47:01
MIST,0,2020-10-24,08:49:31
MIST,0,2020-10-24,08:49:31
MIST,0,2020-10-24,08:49:31
MIST,0,2020-10-24,08:49:31
MIST,0,2020-10-24,08:49:31
MIST,0,2020-10-24,08:49:31
MIST,0,2020-10-24,08:49:31
MIST,1,2020-10-24,09:51:01
MIST,0,2020-10-24,09:52:01
MIST,0,2020-10-24,09:52:01
MIST,0,2020-10-24,09:52:01
MIST,0,2020-10-24,09:52:01
MIST,0,2020-10-24,09:52:01
MIST,0,2020-10-24,09:52:01
,,,
,,,
,,,
,,,
,,,
,,,
,,,
,,,
,,,
,,,
,,,
,,,
,,,
MIST,1,2020-10-25,03:43:31
MIST,0,2020-10-25,03:45:31
MIST,0,2020-10-25,03:45:31
MIST,0,2020-10-25,03:45:31
MIST,0,2020-10-25,03:45:31
MIST,0,2020-10-25,03:45:31
MIST,0,2020-10-25,03:45:31
MIST,0,2020-10-25,03:45:31
MIST,1,2020-10-25,04:16:31
MIST,0,2020-10-25,04:26:31
MIST,1,2020-10-25,04:27:01
MIST,0,2020-10-25,04:33:01
MIST,1,2020-10-25,04:34:01
MIST,0,2020-10-25,04:42:31
MIST,1,2020-10-25,04:47:01
MIST,0,2020-10-25,04:49:31
MIST,1,2020-10-25,04:56:31
MIST,0,2020-10-25,05:02:31
MIST,1,2020-10-25,05:14:01
MIST,0,2020-10-25,05:18:01
MIST,1,2020-10-25,05:32:31
MIST,0,2020-10-25,05:40:31
MIST,1,2020-10-25,05:45:31
MIST,0,2020-10-25,06:11:31
MIST,1,2020-10-25,06:17:01
MIST,0,2020-10-25,06:56:01
MIST,1,2020-10-25,07:02:31
MIST,0,2020-10-25,07:10:01
MIST,1,2020-10-25,07:13:31
MIST,0,2020-10-25,07:22:31
MIST,1,2020-10-25,07:34:31
MIST,0,2020-10-25,07:44:31
MIST,1,2020-10-25,08:01:01
MIST,0,2020-10-25,09:16:31
MIST,1,2020-10-25,09:21:31
MIST,0,2020-10-25,09:38:31
MIST,1,2020-10-25,09:42:01
MIST,0,2020-10-25,09:48:31
MIST,1,2020-10-25,09:51:01
MIST,0,2020-10-25,10:03:31
MIST,1,2020-10-25,10:08:01
MIST,0,2020-10-25,10:16:31
MIST,0,2020-10-25,10:16:31
,,,
,,,
,,,
,,,
,,,
,,,
,,,
,,,
,,,
MIST,1,2020-10-26,03:23:01
MIST,0,2020-10-26,03:26:01
MIST,1,2020-10-26,03:28:01
MIST,0,2020-10-26,03:39:31
MIST,0,2020-10-26,03:39:31
MIST,0,2020-10-26,03:39:31
MIST,0,2020-10-26,03:39:31
MIST,0,2020-10-26,03:39:31
MIST,0,2020-10-26,03:39:31
MIST,0,2020-10-26,03:39:31
MIST,0,2020-10-26,03:39:31
MIST,0,2020-10-26,03:39:31
MIST,1,2020-10-26,04:44:01
MIST,0,2020-10-26,04:45:01
MIST,1,2020-10-26,05:00:01
MIST,0,2020-10-26,05:56:31
MIST,1,2020-10-26,05:59:01
MIST,0,2020-10-26,07:17:31
MIST,1,2020-10-26,07:43:31
MIST,0,2020-10-26,07:47:01
MIST,0,2020-10-26,07:47:01
MIST,0,2020-10-26,07:47:01
MIST,1,2020-10-26,08:03:01
MIST,0,2020-10-26,08:06:01
MIST,0,2020-10-26,08:06:01
,,,
,,,
,,,
,,,
,,,
MIST,1,2020-10-27,05:12:01
MIST,0,2020-10-27,05:22:31
MIST,0,2020-10-27,05:22:31
MIST,0,2020-10-27,05:22:31
MIST,0,2020-10-27,05:22:31
MIST,0,2020-10-27,05:22:31
MIST,0,2020-10-27,05:22:31
MIST,0,2020-10-27,05:22:31
MIST,0,2020-10-27,05:22:31
MIST,0,2020-10-27,05:22:31
MIST,0,2020-10-27,05:22:31
,,,
,,,
,,,
,,,
,,,
,,,
,,,
MIST,1,2020-10-28,08:01:01
MIST,0,2020-10-28,08:06:31
MIST,0,2020-10-28,08:06:31
MIST,0,2020-10-28,08:06:31
MIST,0,2020-10-28,08:06:31
MIST,0,2020-10-28,08:06:31
MIST,0,2020-10-28,08:06:31
,,,
,,,
,,,
,,,
,,,
,,,
,,,
,,,
,,,
,,,
,,,
,,,
,,,
,,,
,,,
,,,
,,,
,,,
,,,
,,,
,,,
MIST,1,2020-10-29,11:16:31
MIST,0,2020-10-29,11:19:31
MIST,1,2020-10-29,11:58:01
MIST,0,2020-10-29,12:00:31
MIST,0,2020-10-29,12:00:31
MIST,0,2020-10-29,12:00:31
MIST,1,2020-10-29,12:17:01
MIST,0,2020-10-29,12:19:31
MIST,0,2020-10-29,12:19:31
MIST,0,2020-10-29,12:19:31
MIST,1,2020-10-29,12:37:31
MIST,0,2020-10-29,12:40:31
MIST,1,2020-10-29,12:45:31
MIST,0,2020-10-29,12:48:01
MIST,0,2020-10-29,12:48:01
MIST,0,2020-10-29,12:48:01
MIST,0,2020-10-29,12:48:01
MIST,0,2020-10-29,12:48:01
MIST,0,2020-10-29,12:48:01
MIST,0,2020-10-29,12:48:01
MIST,1,2020-10-29,13:14:31
MIST,0,2020-10-29,13:17:31
MIST,0,2020-10-29,13:17:31
MIST,0,2020-10-29,13:17:31
MIST,0,2020-10-29,13:17:31
,,,
,,,
,,,
,,,
,,,
MIST,1,2020-10-30,10:50:31
MIST,0,2020-10-30,10:53:31
MIST,0,2020-10-30,10:53:31
MIST,0,2020-10-30,10:53:31
MIST,0,2020-10-30,10:53:31
MIST,0,2020-10-30,10:53:31
MIST,0,2020-10-30,10:53:31
MIST,0,2020-10-30,10:53:31
MIST,1,2020-10-30,11:32:31
MIST,0,2020-10-30,11:35:01
MIST,0,2020-10-30,11:35:01
MIST,0,2020-10-30,11:35:01
MIST,1,2020-10-30,11:57:31
MIST,0,2020-10-30,11:59:31
MIST,1,2020-10-30,12:10:01
MIST,0,2020-10-30,12:14:01
MIST,1,2020-10-30,12:38:31
MIST,0,2020-10-30,12:54:01
MIST,1,2020-10-30,13:01:31
MIST,0,2020-10-30,13:22:31
MIST,0,2020-10-30,13:22:31
MIST,0,2020-10-30,13:22:31
MIST,0,2020-10-30,13:22:31
MIST,0,2020-10-30,13:22:31
MIST,0,2020-10-30,13:22:31
MIST,0,2020-10-30,13:22:31
MIST,0,2020-10-30,13:22:31
MIST,0,2020-10-30,13:22:31
MIST,0,2020-10-30,13:22:31
MIST,0,2020-10-30,13:22:31
MIST,0,2020-10-30,13:22:31
,,,
,,,
,,,
,,,
,,,
,,,
,,,
,,,
,,,
MIST,1,2020-10-31,10:26:31
MIST,0,2020-10-31,10:27:01
MIST,1,2020-10-31,10:29:01
MIST,0,2020-10-31,10:29:31
MIST,1,2020-10-31,10:38:31
MIST,0,2020-10-31,10:50:01
MIST,1,2020-10-31,10:59:01
MIST,0,2020-10-31,11:06:01
MIST,1,2020-10-31,11:24:31
MIST,0,2020-10-31,11:43:01
MIST,1,2020-10-31,11:56:31
MIST,0,2020-10-31,12:11:01
MIST,1,2020-10-31,12:14:31
MIST,0,2020-10-31,13:42:01
MIST,1,2020-10-31,13:47:01
MIST,0,2020-10-31,13:58:31
MIST,1,2020-10-31,14:01:01
MIST,0,2020-10-31,14:34:31
MIST,0,2020-10-31,14:34:31
MIST,0,2020-10-31,14:34:31
MIST,0,2020-10-31,14:34:31
MIST,0,2020-10-31,14:34:31
MIST,0,2020-10-31,14:34:31
,,,
,,,
,,,
,,,
,,,
,,,
,,,
,,,
,,,
MIST,1,2020-11-01,10:49:31
MIST,0,2020-11-01,10:53:01
MIST,1,2020-11-01,11:03:31
MIST,0,2020-11-01,11:15:31
MIST,1,2020-11-01,11:16:01
MIST,0,2020-11-01,11:17:31
MIST,1,2020-11-01,11:23:01
MIST,0,2020-11-01,11:25:01
MIST,1,2020-11-01,11:26:31
MIST,0,2020-11-01,11:27:31
MIST,1,2020-11-01,11:29:31
MIST,1,2020-11-01,11:29:31
MIST,0,2020-11-01,11:34:01
MIST,0,2020-11-01,11:34:01
MIST,1,2020-11-01,11:34:31
MIST,0,2020-11-01,11:36:31
MIST,1,2020-11-01,11:38:01
MIST,0,2020-11-01,11:39:01
MIST,1,2020-11-01,11:50:01
MIST,0,2020-11-01,11:51:31
MIST,1,2020-11-01,11:52:01
MIST,0,2020-11-01,11:57:01
MIST,0,2020-11-01,11:57:01
MIST,0,2020-11-01,11:57:01
MIST,1,2020-11-01,12:13:31
MIST,0,2020-11-01,12:17:31
MIST,0,2020-11-01,12:17:31
MIST,0,2020-11-01,12:17:31
MIST,0,2020-11-01,12:17:31
MIST,0,2020-11-01,12:17:31
MIST,1,2020-11-01,12:33:01
MIST,0,2020-11-01,12:37:01
MIST,1,2020-11-01,12:44:01
MIST,0,2020-11-01,13:04:01
MIST,1,2020-11-01,13:04:31
MIST,0,2020-11-01,14:54:31
MIST,1,2020-11-01,15:02:31
MIST,0,2020-11-01,15:27:31
MIST,1,2020-11-01,15:30:31
MIST,0,2020-11-01,15:40:01
MIST,1,2020-11-01,15:48:01
MIST,0,2020-11-01,15:48:31
MIST,0,2020-11-01,15:48:31
MIST,0,2020-11-01,15:48:31
MIST,0,2020-11-01,15:48:31
,,,
,,,
,,,
,,,
,,,
MIST,1,2020-11-02,10:38:01
MIST,0,2020-11-02,10:39:31
MIST,1,2020-11-02,10:46:31
MIST,0,2020-11-02,10:54:01
MIST,0,2020-11-02,10:54:01
MIST,0,2020-11-02,10:54:01
MIST,1,2020-11-02,11:57:01
MIST,0,2020-11-02,11:59:31
MIST,1,2020-11-02,12:05:31
MIST,0,2020-11-02,12:30:01
MIST,1,2020-11-02,12:54:31
MIST,0,2020-11-02,13:04:01
MIST,1,2020-11-02,13:13:31
MIST,0,2020-11-02,13:22:01
MIST,0,2020-11-02,13:22:01
MIST,0,2020-11-02,13:22:01
MIST,1,2020-11-02,14:56:31
MIST,0,2020-11-02,15:03:31
MIST,1,2020-11-02,15:05:01
MIST,0,2020-11-02,15:12:31
MIST,1,2020-11-02,15:13:01
MIST,0,2020-11-02,15:15:01
MIST,1,2020-11-02,15:15:31
MIST,0,2020-11-02,15:16:31
MIST,1,2020-11-02,15:17:31
MIST,0,2020-11-02,15:19:01
MIST,1,2020-11-02,15:22:31
MIST,0,2020-11-02,15:28:01
MIST,0,2020-11-02,15:28:01
,,,
,,,
,,,
,,,
,,,
,,,
,,,
,,,
,,,
,,,
,,,
,,,
,,,
,,,
,,,
MIST,1,2020-11-03,10:29:01
MIST,0,2020-11-03,10:54:01
MIST,1,2020-11-03,11:09:01
MIST,0,2020-11-03,11:17:01
MIST,1,2020-11-03,11:30:31
MIST,0,2020-11-03,11:50:01
MIST,1,2020-11-03,11:51:31
MIST,0,2020-11-03,11:59:01
MIST,1,2020-11-03,12:02:01
MIST,0,2020-11-03,12:47:31
MIST,1,2020-11-03,12:51:31
MIST,0,2020-11-03,14:41:31
MIST,0,2020-11-03,14:41:31
,,,
,,,
,,,
,,,
,,,
,,,
,,,
,,,
,,,
,,,
,,,
MIST,1,2020-11-04,10:47:31
MIST,0,2020-11-04,10:52:31
MIST,1,2020-11-04,11:13:31
MIST,0,2020-11-04,11:18:31
MIST,1,2020-11-04,11:25:31
MIST,0,2020-11-04,11:32:01
MIST,0,2020-11-04,11:32:01
MIST,0,2020-11-04,11:32:01
MIST,1,2020-11-04,11:51:31
MIST,0,2020-11-04,11:55:31
MIST,0,2020-11-04,11:55:31
MIST,0,2020-11-04,11:55:31
MIST,1,2020-11-04,12:18:31
MIST,0,2020-11-04,12:21:01
MIST,0,2020-11-04,12:21:01
MIST,0,2020-11-04,12:21:01
MIST,1,2020-11-04,12:45:32
MIST,0,2020-11-04,12:49:01
MIST,1,2020-11-04,12:58:01
MIST,0,2020-11-04,12:58:31
MIST,0,2020-11-04,12:58:31
MIST,0,2020-11-04,12:58:31
MIST,0,2020-11-04,12:58:31
MIST,0,2020-11-04,12:58:31
MIST,0,2020-11-04,12:58:31
MIST,0,2020-11-04,12:58:31
MIST,0,2020-11-04,12:58:31
,,,
,,,
,,,
,,,
,,,
,,,
,,,
,,,
,,,
,,,
,,,
,,,
,,,
,,,
,,,
MIST,1,2020-11-05,09:59:01
MIST,0,2020-11-05,10:34:01
MIST,1,2020-11-05,10:46:31
MIST,0,2020-11-05,10:49:01
MIST,1,2020-11-05,11:07:01
MIST,0,2020-11-05,11:09:32
MIST,0,2020-11-05,11:09:32
MIST,0,2020-11-05,11:09:32
MIST,1,2020-11-05,11:20:31
MIST,0,2020-11-05,11:22:31
MIST,0,2020-11-05,11:22:31
MIST,0,2020-11-05,11:22:31
MIST,0,2020-11-05,11:22:31
MIST,0,2020-11-05,11:22:31
MIST,1,2020-11-05,12:15:32
MIST,0,2020-11-05,12:19:31
MIST,0,2020-11-05,12:19:31
MIST,0,2020-11-05,12:19:31
MIST,1,2020-11-05,12:55:32
MIST,0,2020-11-05,13:00:31
MIST,0,2020-11-05,13:00:31
MIST,0,2020-11-05,13:00:31
MIST,1,2020-11-05,13:10:32
MIST,0,2020-11-05,13:11:31
MIST,1,2020-11-05,13:17:31
MIST,0,2020-11-05,13:20:32
MIST,0,2020-11-05,13:20:32
MIST,0,2020-11-05,13:20:32
MIST,0,2020-11-05,13:20:32
MIST,0,2020-11-05,13:20:32
MIST,0,2020-11-05,13:20:32
MIST,0,2020-11-05,13:20:32
MIST,0,2020-11-05,13:20:32
MIST,0,2020-11-05,13:20:32
MIST,0,2020-11-05,13:20:32
,,,
,,,
,,,
,,,
,,,
,,,
,,,
,,,
,,,
,,,
,,,
,,,
,,,
,,,
,,,
,,,
,,,
,,,
,,,
,,,
,,,
,,,
,,,
MIST,1,2020-11-06,09:54:01
MIST,0,2020-11-06,09:57:31
MIST,1,2020-11-06,10:32:32
MIST,0,2020-11-06,10:38:31
MIST,1,2020-11-06,10:48:31
MIST,0,2020-11-06,11:05:02
MIST,0,2020-11-06,11:05:02
MIST,0,2020-11-06,11:05:02
MIST,0,2020-11-06,11:05:02
MIST,0,2020-11-06,11:05:02
MIST,1,2020-11-06,11:32:31
MIST,0,2020-11-06,11:35:01
MIST,0,2020-11-06,11:35:01
MIST,0,2020-11-06,11:35:01
MIST,0,2020-11-06,11:35:01
MIST,0,2020-11-06,11:35:01
MIST,1,2020-11-06,12:26:31
MIST,0,2020-11-06,12:29:31
MIST,0,2020-11-06,12:29:31
MIST,0,2020-11-06,12:29:31
MIST,1,2020-11-06,13:29:31
MIST,0,2020-11-06,13:32:31
MIST,0,2020-11-06,13:32:31
MIST,0,2020-11-06,13:32:31
MIST,0,2020-11-06,13:32:31
MIST,0,2020-11-06,13:32:31
MIST,0,2020-11-06,13:32:31
MIST,0,2020-11-06,13:32:31
MIST,0,2020-11-06,13:32:31
,,,
,,,
,,,
,,,
,,,
,,,
,,,
MIST,1,2020-11-07,10:08:31
MIST,0,2020-11-07,10:11:31
MIST,0,2020-11-07,10:11:31
MIST,0,2020-11-07,10:11:31
MIST,1,2020-11-07,10:32:02
MIST,0,2020-11-07,10:36:02
MIST,0,2020-11-07,10:36:02
MIST,0,2020-11-07,10:36:02
MIST,1,2020-11-07,11:05:32
MIST,0,2020-11-07,11:07:01
MIST,1,2020-11-07,11:15:01
MIST,0,2020-11-07,11:17:32
MIST,0,2020-11-07,11:17:32
MIST,0,2020-11-07,11:17:32
MIST,1,2020-11-07,11:38:01
MIST,0,2020-11-07,11:41:01
MIST,1,2020-11-07,11:56:01
MIST,0,2020-11-07,11:59:02
MIST,0,2020-11-07,11:59:02
MIST,0,2020-11-07,11:59:02
MIST,1,2020-11-07,12:13:01
MIST,0,2020-11-07,12:16:02
MIST,0,2020-11-07,12:16:02
MIST,0,2020-11-07,12:16:02
MIST,0,2020-11-07,12:16:02
MIST,0,2020-11-07,12:16:02
MIST,1,2020-11-07,13:00:31
MIST,0,2020-11-07,13:04:01
MIST,0,2020-11-07,13:04:01
MIST,0,2020-11-07,13:04:01
MIST,1,2020-11-07,13:22:01
MIST,0,2020-11-07,13:24:31
MIST,0,2020-11-07,13:24:31
MIST,0,2020-11-07,13:24:31
MIST,0,2020-11-07,13:24:31
MIST,0,2020-11-07,13:24:31
MIST,1,2020-11-07,14:18:01
MIST,0,2020-11-07,14:21:01
MIST,0,2020-11-07,14:21:01
MIST,0,2020-11-07,14:21:01
MIST,0,2020-11-07,14:21:01
MIST,0,2020-11-07,14:21:01
MIST,0,2020-11-07,14:21:01
MIST,0,2020-11-07,14:21:01
MIST,0,2020-11-07,14:21:01
MIST,0,2020-11-07,14:21:01
MIST,0,2020-11-07,14:21:01
MIST,0,2020-11-07,14:21:01
MIST,0,2020-11-07,14:21:01
MIST,0,2020-11-07,14:21:01
MIST,0,2020-11-07,14:21:01
MIST,0,2020-11-07,14:21:01
MIST,0,2020-11-07,14:21:01
,,,
,,,
,,,
,,,
,,,
,,,
,,,
,,,
,,,
,,,
,,,
MIST,1,2020-11-08,13:06:32
MIST,0,2020-11-08,13:10:31
MIST,0,2020-11-08,13:10:31
,,,
,,,
,,,
,,,
,,,
,,,
,,,
,,,
,,,
,,,
,,,
,,,
,,,
,,,
,,,
MIST,1,2020-11-09,09:44:31
MIST,0,2020-11-09,09:47:01
MIST,0,2020-11-09,09:47:01
MIST,0,2020-11-09,09:47:01
MIST,0,2020-11-09,09:47:01
MIST,0,2020-11-09,09:47:01
MIST,1,2020-11-09,10:12:31
MIST,0,2020-11-09,10:15:02
MIST,0,2020-11-09,10:15:02
MIST,0,2020-11-09,10:15:02
MIST,1,2020-11-09,10:27:31
MIST,0,2020-11-09,10:30:32
MIST,0,2020-11-09,10:30:32
MIST,0,2020-11-09,10:30:32
MIST,0,2020-11-09,10:30:32
MIST,0,2020-11-09,10:30:32
MIST,0,2020-11-09,10:30:32
MIST,0,2020-11-09,10:30:32
MIST,0,2020-11-09,10:30:32
MIST,0,2020-11-09,10:30:32
MIST,0,2020-11-09,10:30:32
MIST,0,2020-11-09,10:30:32
MIST,0,2020-11-09,10:30:32
MIST,0,2020-11-09,10:30:32
MIST,0,2020-11-09,10:30:32
MIST,0,2020-11-09,10:30:32
MIST,1,2020-11-09,13:24:01
MIST,0,2020-11-09,13:26:31
MIST,1,2020-11-09,13:42:31
MIST,0,2020-11-09,13:45:32
MIST,0,2020-11-09,13:45:32
MIST,0,2020-11-09,13:45:32
MIST,0,2020-11-09,13:45:32
MIST,0,2020-11-09,13:45:32
MIST,0,2020-11-09,13:45:32
,,,
,,,
,,,
,,,
,,,
,,,
,,,
,,,
,,,
,,,
,,,
,,,
,,,
,,,
,,,
,,,
,,,
,,,
,,,
,,,
,,,
,,,
,,,
,,,
,,,
,,,
,,,
MIST,1,2020-11-11,10:16:31
MIST,0,2020-11-11,10:23:31
MIST,1,2020-11-11,10:32:31
MIST,0,2020-11-11,11:22:31
MIST,1,2020-11-11,11:43:31
MIST,0,2020-11-11,12:04:31
MIST,1,2020-11-11,12:09:31
MIST,0,2020-11-11,12:16:01
MIST,1,2020-11-11,12:29:02
MIST,0,2020-11-11,12:33:31
MIST,0,2020-11-11,12:33:31
MIST,0,2020-11-11,12:33:31
MIST,0,2020-11-11,12:33:31
MIST,0,2020-11-11,12:33:31
MIST,1,2020-11-11,13:27:02
MIST,0,2020-11-11,13:32:31
MIST,1,2020-11-11,13:40:31
MIST,0,2020-11-11,13:51:32
MIST,0,2020-11-11,13:51:32
,,,
,,,
,,,
,,,
,,,
,,,
,,,
,,,
,,,
,,,
,,,
,,,
,,,
,,,
,,,
MIST,1,2020-11-12,10:16:02
MIST,0,2020-11-12,10:19:31
MIST,0,2020-11-12,10:19:31
MIST,0,2020-11-12,10:19:31
MIST,1,2020-11-12,10:51:01
MIST,0,2020-11-12,10:51:31
MIST,1,2020-11-12,11:00:01
MIST,0,2020-11-12,11:08:32
MIST,0,2020-11-12,11:08:32
MIST,0,2020-11-12,11:08:32
MIST,0,2020-11-12,11:08:32
MIST,0,2020-11-12,11:08:32
MIST,1,2020-11-12,11:23:01
MIST,0,2020-11-12,11:25:01
MIST,1,2020-11-12,11:39:01
MIST,0,2020-11-12,11:42:32
MIST,1,2020-11-12,11:59:31
MIST,0,2020-11-12,12:02:01
MIST,1,2020-11-12,12:10:31
MIST,0,2020-11-12,12:13:02
MIST,0,2020-11-12,12:13:02
MIST,0,2020-11-12,12:13:02
MIST,0,2020-11-12,12:13:02
MIST,0,2020-11-12,12:13:02
MIST,0,2020-11-12,12:13:02
MIST,0,2020-11-12,12:13:02
MIST,0,2020-11-12,12:13:02
,,,
,,,
,,,
,,,
,,,
,,,
,,,
,,,
,,,
,,,
,,,
,,,
,,,
,,,
,,,
,,,
,,,
MIST,1,2020-11-13,10:12:01
MIST,0,2020-11-13,10:15:32
MIST,0,2020-11-13,10:15:32
MIST,0,2020-11-13,10:15:32
MIST,0,2020-11-13,10:15:32
MIST,0,2020-11-13,10:15:32
MIST,0,2020-11-13,10:15:32
MIST,0,2020-11-13,10:15:32
MIST,0,2020-11-13,10:15:32
MIST,0,2020-11-13,10:15:32
MIST,0,2020-11-13,10:15:32
MIST,0,2020-11-13,10:15:32
MIST,1,2020-11-13,11:00:31
MIST,0,2020-11-13,11:02:31
MIST,0,2020-11-13,11:02:31
MIST,0,2020-11-13,11:02:31
MIST,1,2020-11-13,11:11:01
MIST,0,2020-11-13,11:12:31
MIST,0,2020-11-13,11:12:31
MIST,0,2020-11-13,11:12:31
MIST,1,2020-11-13,11:22:01
MIST,0,2020-11-13,11:25:32
MIST,1,2020-11-13,11:42:32
MIST,0,2020-11-13,11:46:31
MIST,0,2020-11-13,11:46:31
MIST,0,2020-11-13,11:46:31
MIST,1,2020-11-13,12:31:01
MIST,0,2020-11-13,12:35:01
MIST,1,2020-11-13,12:42:32
MIST,0,2020-11-13,12:46:31
MIST,0,2020-11-13,12:46:31
MIST,0,2020-11-13,12:46:31
MIST,0,2020-11-13,12:46:31
,,,
,,,
,,,
,,,
,,,
,,,
,,,
,,,
,,,
,,,
,,,
,,,
,,,
MIST,1,2020-11-14,11:24:32
MIST,0,2020-11-14,11:28:32
MIST,0,2020-11-14,11:28:32
MIST,0,2020-11-14,11:28:32
MIST,0,2020-11-14,11:28:32
MIST,0,2020-11-14,11:28:32
MIST,1,2020-11-14,11:42:31
MIST,0,2020-11-14,11:43:01
MIST,0,2020-11-14,11:43:01
MIST,0,2020-11-14,11:43:01
MIST,0,2020-11-14,11:43:01
MIST,0,2020-11-14,11:43:01
MIST,0,2020-11-14,11:43:01
MIST,0,2020-11-14,11:43:01
MIST,1,2020-11-14,12:26:02
MIST,0,2020-11-14,12:29:31
MIST,1,2020-11-14,13:05:31
MIST,0,2020-11-14,13:08:32
MIST,0,2020-11-14,13:08:32
MIST,0,2020-11-14,13:08:32
MIST,1,2020-11-14,13:33:32
MIST,0,2020-11-14,13:37:01
MIST,0,2020-11-14,13:37:01
MIST,0,2020-11-14,13:37:01
MIST,1,2020-11-14,13:55:31
MIST,0,2020-11-14,13:59:02
MIST,0,2020-11-14,13:59:02
MIST,0,2020-11-14,13:59:02
MIST,0,2020-11-14,13:59:02
MIST,0,2020-11-14,13:59:02
MIST,0,2020-11-14,13:59:02
,,,
,,,
,,,
,,,
,,,
,,,
,,,
,,,
,,,
,,,
,,,
,,,
,,,
,,,
,,,
,,,
,,,
MIST,1,2020-11-15,10:34:31
MIST,0,2020-11-15,10:37:32
MIST,0,2020-11-15,10:37:32
MIST,0,2020-11-15,10:37:32
MIST,0,2020-11-15,10:37:32
MIST,0,2020-11-15,10:37:32
MIST,1,2020-11-15,11:22:02
MIST,0,2020-11-15,11:24:01
MIST,1,2020-11-15,11:32:31
MIST,0,2020-11-15,11:34:31
MIST,0,2020-11-15,11:34:31
MIST,0,2020-11-15,11:34:31
MIST,1,2020-11-15,12:14:01
MIST,0,2020-11-15,12:17:02
MIST,0,2020-11-15,12:17:02
MIST,0,2020-11-15,12:17:02
MIST,0,2020-11-15,12:17:02
MIST,0,2020-11-15,12:17:02
MIST,0,2020-11-15,12:17:02
MIST,0,2020-11-15,12:17:02
MIST,1,2020-11-15,13:12:02
MIST,0,2020-11-15,13:15:32
MIST,0,2020-11-15,13:15:32
MIST,0,2020-11-15,13:15:32
MIST,0,2020-11-15,13:15:32
MIST,0,2020-11-15,13:15:32
MIST,0,2020-11-15,13:15:32
MIST,0,2020-11-15,13:15:32
MIST,1,2020-11-15,14:21:01
MIST,0,2020-11-15,14:23:31
MIST,1,2020-11-15,14:25:31
MIST,0,2020-11-15,14:26:01
MIST,1,2020-11-15,14:33:01
MIST,0,2020-11-15,14:35:32
MIST,0,2020-11-15,14:35:32
MIST,0,2020-11-15,14:35:32
MIST,0,2020-11-15,14:35:32
,,,
,,,
,,,
,,,
,,,
,,,
,,,
,,,
,,,
,,,
,,,
MIST,1,2020-11-17,12:37:32
MIST,0,2020-11-17,12:45:02
MIST,0,2020-11-17,12:45:02
MIST,0,2020-11-17,12:45:02
MIST,1,2020-11-17,13:03:32
MIST,0,2020-11-17,13:10:02
MIST,0,2020-11-17,13:10:02
,,,
,,,
,,,
,,,
,,,
,,,
,,,
,,,
,,,
MIST,1,2020-11-18,11:22:01
MIST,0,2020-11-18,11:24:32
MIST,0,2020-11-18,11:24:32
MIST,0,2020-11-18,11:24:32
MIST,0,2020-11-18,11:24:32
MIST,0,2020-11-18,11:24:32
MIST,1,2020-11-18,11:49:31
MIST,0,2020-11-18,11:51:32
MIST,1,2020-11-18,12:23:31
MIST,0,2020-11-18,12:27:02
MIST,0,2020-11-18,12:27:02
MIST,0,2020-11-18,12:27:02
MIST,0,2020-11-18,12:27:02
MIST,0,2020-11-18,12:27:02
MIST,1,2020-11-18,13:00:32
MIST,0,2020-11-18,13:02:01
MIST,0,2020-11-18,13:02:01
MIST,0,2020-11-18,13:02:01
MIST,0,2020-11-18,13:02:01
MIST,0,2020-11-18,13:02:01
MIST,0,2020-11-18,13:02:01
MIST,0,2020-11-18,13:02:01
MIST,1,2020-11-18,14:40:02
MIST,0,2020-11-18,14:43:32
MIST,0,2020-11-18,14:43:32
MIST,0,2020-11-18,14:43:32
MIST,0,2020-11-18,14:43:32
,,,
,,,
,,,
,,,
,,,
,,,
,,,
,,,
,,,
MIST,1,2020-11-19,10:51:01
MIST,0,2020-11-19,10:53:31
MIST,1,2020-11-19,11:16:31
MIST,0,2020-11-19,11:19:32
MIST,0,2020-11-19,11:19:32
MIST,0,2020-11-19,11:19:32
MIST,1,2020-11-19,12:01:32
MIST,0,2020-11-19,12:04:32
MIST,1,2020-11-19,12:14:31
MIST,0,2020-11-19,12:16:01
MIST,0,2020-11-19,12:16:01
,,,
,,,
,,,
,,,
,,,
,,,
,,,
,,,
,,,
,,,
,,,
,,,
,,,
,,,
,,,
,,,
,,,
,,,
,,,
,,,
,,,
,,,
,,,
MIST,1,2020-11-20,10:30:31
MIST,0,2020-11-20,10:32:31
MIST,0,2020-11-20,10:32:31
MIST,0,2020-11-20,10:32:31
MIST,1,2020-11-20,10:48:31
MIST,0,2020-11-20,10:50:31
MIST,0,2020-11-20,10:50:31
MIST,0,2020-11-20,10:50:31
MIST,1,2020-11-20,11:07:31
MIST,0,2020-11-20,11:10:31
MIST,0,2020-11-20,11:10:31
MIST,0,2020-11-20,11:10:31
MIST,1,2020-11-20,11:33:31
MIST,0,2020-11-20,11:36:31
MIST,1,2020-11-20,11:52:01
MIST,0,2020-11-20,11:54:31
MIST,1,2020-11-20,12:07:31
MIST,0,2020-11-20,12:10:31
MIST,0,2020-11-20,12:10:31
MIST,0,2020-11-20,12:10:31
MIST,1,2020-11-20,12:28:32
MIST,0,2020-11-20,12:32:01
MIST,1,2020-11-20,12:46:31
MIST,0,2020-11-20,12:48:31
MIST,0,2020-11-20,12:48:31
MIST,0,2020-11-20,12:48:31
MIST,1,2020-11-20,13:09:01
MIST,0,2020-11-20,13:11:31
MIST,1,2020-11-20,13:27:31
MIST,0,2020-11-20,13:29:01
MIST,1,2020-11-20,13:58:31
MIST,0,2020-11-20,14:01:01
MIST,1,2020-11-20,14:19:31
MIST,0,2020-11-20,14:21:31
MIST,0,2020-11-20,14:21:31
MIST,0,2020-11-20,14:21:31
MIST,0,2020-11-20,14:21:31
,,,
,,,
,,,
MIST,1,2020-11-21,10:33:31
MIST,0,2020-11-21,10:37:01
MIST,1,2020-11-21,11:02:31
MIST,0,2020-11-21,11:05:01
MIST,1,2020-11-21,11:13:01
MIST,0,2020-11-21,11:15:01
MIST,0,2020-11-21,11:15:01
MIST,0,2020-11-21,11:15:01
MIST,1,2020-11-21,11:24:31
MIST,0,2020-11-21,11:27:01
MIST,1,2020-11-21,11:44:01
MIST,0,2020-11-21,11:46:31
MIST,1,2020-11-21,11:56:31
MIST,0,2020-11-21,12:00:02
MIST,0,2020-11-21,12:00:02
MIST,0,2020-11-21,12:00:02
MIST,0,2020-11-21,12:00:02
,,,
,,,
,,,
,,,
,,,
,,,
,,,
,,,
,,,
,,,
,,,
,,,
,,,
,,,
,,,
,,,
,,,
,,,
,,,
,,,
,,,
,,,
,,,
,,,
,,,
,,,
,,,
,,,
,,,
,,,
,,,
,,,
,,,
,,,
,,,
,,,
,,,
,,,
,,,
,,,
,,,
,,,
,,,
,,,
,,,
,,,
,,,
,,,
,,,
,,,
,,,
MIST,1,2020-11-26,12:10:02
MIST,0,2020-11-26,12:11:01
MIST,1,2020-11-26,12:37:01
MIST,0,2020-11-26,12:39:31
MIST,1,2020-11-26,12:57:31
MIST,0,2020-11-26,13:00:32
MIST,0,2020-11-26,13:00:32
MIST,0,2020-11-26,13:00:32
MIST,0,2020-11-26,13:00:32
MIST,0,2020-11-26,13:00:32
MIST,1,2020-11-26,14:49:31
MIST,0,2020-11-26,14:52:31
MIST,0,2020-11-26,14:52:31
MIST,0,2020-11-26,14:52:31
MIST,0,2020-11-26,14:52:31
MIST,0,2020-11-26,14:52:31
MIST,0,2020-11-26,14:52:31
MIST,0,2020-11-26,14:52:31
MIST,0,2020-11-26,14:52:31
MIST,0,2020-11-26,14:52:31
MIST,0,2020-11-26,14:52:31
MIST,0,2020-11-26,14:52:31
MIST,0,2020-11-26,14:52:31
MIST,0,2020-11-26,14:52:31
MIST,0,2020-11-26,14:52:31
,,,
,,,
,,,
,,,
,,,
,,,
,,,
MIST,1,2020-11-27,10:28:31
MIST,0,2020-11-27,10:31:02
MIST,0,2020-11-27,10:31:02
MIST,0,2020-11-27,10:31:02
MIST,0,2020-11-27,10:31:02
MIST,0,2020-11-27,10:31:02
MIST,1,2020-11-27,11:15:01
MIST,0,2020-11-27,11:17:31
MIST,1,2020-11-27,11:44:01
MIST,0,2020-11-27,11:47:01
MIST,0,2020-11-27,11:47:01
MIST,0,2020-11-27,11:47:01
MIST,1,2020-11-27,11:59:31
MIST,0,2020-11-27,12:02:01
MIST,1,2020-11-27,12:25:31
MIST,0,2020-11-27,12:28:31
MIST,0,2020-11-27,12:28:31
MIST,0,2020-11-27,12:28:31
MIST,1,2020-11-27,12:51:01
MIST,0,2020-11-27,12:53:01
MIST,0,2020-11-27,12:53:01
MIST,0,2020-11-27,12:53:01
MIST,1,2020-11-27,13:20:01
MIST,1,2020-11-27,13:20:01
MIST,0,2020-11-27,13:22:31
MIST,0,2020-11-27,13:22:31
MIST,0,2020-11-27,13:22:31
MIST,0,2020-11-27,13:22:31
MIST,1,2020-11-27,13:45:01
MIST,0,2020-11-27,13:48:01
MIST,0,2020-11-27,13:48:01
MIST,0,2020-11-27,13:48:01
MIST,0,2020-11-27,13:48:01
MIST,0,2020-11-27,13:48:01
MIST,0,2020-11-27,13:48:01
MIST,0,2020-11-27,13:48:01
MIST,0,2020-11-27,13:48:01
MIST,0,2020-11-27,13:48:01
MIST,0,2020-11-27,13:48:01
MIST,0,2020-11-27,13:48:01
MIST,0,2020-11-27,13:48:01
,,,
,,,
,,,
,,,
,,,
,,,
,,,
,,,
,,,
,,,
,,,
,,,
,,,
,,,
,,,
,,,
,,,
,,,
,,,
MIST,1,2020-11-28,10:45:31
MIST,0,2020-11-28,10:47:01
MIST,1,2020-11-28,10:57:31
MIST,0,2020-11-28,11:00:01
MIST,1,2020-11-28,11:11:31
MIST,0,2020-11-28,11:13:01
MIST,1,2020-11-28,11:23:01
MIST,0,2020-11-28,11:26:01
MIST,0,2020-11-28,11:26:01
MIST,0,2020-11-28,11:26:01
MIST,0,2020-11-28,11:26:01
MIST,0,2020-11-28,11:26:01
MIST,0,2020-11-28,11:26:01
MIST,0,2020-11-28,11:26:01
MIST,0,2020-11-28,11:26:01
MIST,0,2020-11-28,11:26:01
MIST,1,2020-11-28,12:26:01
MIST,0,2020-11-28,12:29:31
MIST,0,2020-11-28,12:29:31
MIST,0,2020-11-28,12:29:31
MIST,1,2020-11-28,12:53:31
MIST,0,2020-11-28,12:57:01
MIST,1,2020-11-28,13:06:01
MIST,0,2020-11-28,13:08:01
MIST,1,2020-11-28,13:46:01
MIST,0,2020-11-28,13:49:01
MIST,1,2020-11-28,13:55:01
MIST,0,2020-11-28,13:58:01
MIST,0,2020-11-28,13:58:01
,,,
,,,
,,,
,,,
,,,
,,,
,,,
,,,
,,,
,,,
,,,
,,,
,,,
MIST,1,2020-11-29,10:58:31
MIST,0,2020-11-29,11:00:31
MIST,1,2020-11-29,11:30:01
MIST,0,2020-11-29,11:33:01
MIST,0,2020-11-29,11:33:01
MIST,0,2020-11-29,11:33:01
MIST,0,2020-11-29,11:33:01
MIST,0,2020-11-29,11:33:01
MIST,1,2020-11-29,11:53:31
MIST,0,2020-11-29,11:56:31
MIST,1,2020-11-29,12:22:31
MIST,0,2020-11-29,12:25:31
MIST,0,2020-11-29,12:25:31
MIST,0,2020-11-29,12:25:31
MIST,0,2020-11-29,12:25:31
MIST,0,2020-11-29,12:25:31
MIST,0,2020-11-29,12:25:31
MIST,0,2020-11-29,12:25:31
MIST,1,2020-11-29,13:09:31
MIST,0,2020-11-29,13:12:31
MIST,0,2020-11-29,13:12:31
MIST,0,2020-11-29,13:12:31
MIST,0,2020-11-29,13:12:31
MIST,0,2020-11-29,13:12:31
MIST,0,2020-11-29,13:12:31
MIST,0,2020-11-29,13:12:31
MIST,1,2020-11-29,13:51:31
MIST,0,2020-11-29,13:54:01
MIST,0,2020-11-29,13:54:01
MIST,0,2020-11-29,13:54:01
MIST,1,2020-11-29,14:11:01
MIST,0,2020-11-29,14:14:01
MIST,1,2020-11-29,14:27:31
MIST,0,2020-11-29,14:31:01
MIST,1,2020-11-29,14:42:01
MIST,0,2020-11-29,14:45:01
MIST,1,2020-11-29,14:56:01
MIST,0,2020-11-29,14:58:31
MIST,1,2020-11-29,15:09:01
MIST,0,2020-11-29,15:11:01
MIST,0,2020-11-29,15:11:01
MIST,0,2020-11-29,15:11:01
MIST,0,2020-11-29,15:11:01
MIST,0,2020-11-29,15:11:01
MIST,0,2020-11-29,15:11:01
,,,
,,,
,,,
,,,
,,,
,,,
,,,
,,,
,,,
,,,
,,,
,,,
,,,
,,,
,,,
,,,
,,,
,,,
,,,
MIST,1,2020-11-30,10:19:01
MIST,0,2020-11-30,10:22:01
MIST,1,2020-11-30,10:40:01
MIST,1,2020-11-30,10:40:01
MIST,0,2020-11-30,10:42:01
MIST,0,2020-11-30,10:42:01
MIST,0,2020-11-30,10:42:01
MIST,0,2020-11-30,10:42:01
MIST,1,2020-11-30,10:55:31
MIST,0,2020-11-30,10:58:01
MIST,1,2020-11-30,11:17:01
MIST,0,2020-11-30,11:20:01
MIST,0,2020-11-30,11:20:01
MIST,0,2020-11-30,11:20:01
MIST,1,2020-11-30,11:37:31
MIST,0,2020-11-30,11:39:31
MIST,0,2020-11-30,11:39:31
MIST,0,2020-11-30,11:39:31
MIST,1,2020-11-30,12:36:01
MIST,0,2020-11-30,12:40:01
MIST,1,2020-11-30,12:52:31
MIST,0,2020-11-30,12:55:01
MIST,0,2020-11-30,12:55:01
MIST,0,2020-11-30,12:55:01
MIST,0,2020-11-30,12:55:01
MIST,0,2020-11-30,12:55:01
MIST,1,2020-11-30,13:23:31
MIST,0,2020-11-30,13:27:01
MIST,1,2020-11-30,13:37:01
MIST,0,2020-11-30,13:40:31
MIST,0,2020-11-30,13:40:31
MIST,0,2020-11-30,13:40:31
MIST,0,2020-11-30,13:40:31
MIST,0,2020-11-30,13:40:31
MIST,0,2020-11-30,13:40:31
,,,
,,,
,,,
,,,
,,,
,,,
,,,
,,,
,,,
,,,
,,,
,,,
,,,
,,,
,,,
,,,
,,,
,,,
,,,
,,,
,,,
,,,
,,,
,,,
,,,
,,,
,,,
,,,
,,,
,,,
,,,
,,,
,,,
,,,
,,,
,,,
,,,
,,,
,,,
,,,
,,,
,,,
,,,
,,,
,,,
,,,
,,,
,,,
,,,
,,,
,,,
,,,
,,,
,,,
,,,
MIST,1,2020-12-06,12:13:01
MIST,0,2020-12-06,12:16:01
MIST,1,2020-12-06,12:29:01
MIST,0,2020-12-06,12:31:31
MIST,1,2020-12-06,13:10:31
MIST,0,2020-12-06,13:13:01
MIST,0,2020-12-06,13:13:01
MIST,0,2020-12-06,13:13:01
MIST,1,2020-12-06,13:28:31
MIST,0,2020-12-06,13:30:31
MIST,1,2020-12-06,13:45:31
MIST,0,2020-12-06,13:49:01
MIST,1,2020-12-06,14:18:31
MIST,0,2020-12-06,14:21:01
MIST,0,2020-12-06,14:21:01
MIST,0,2020-12-06,14:21:01
MIST,1,2020-12-06,14:45:01
MIST,0,2020-12-06,14:47:31
MIST,0,2020-12-06,14:47:31
MIST,0,2020-12-06,14:47:31
MIST,0,2020-12-06,14:47:31
MIST,0,2020-12-06,14:47:31
MIST,0,2020-12-06,14:47:31
,,,
,,,
,,,
,,,
,,,
,,,
,,,
,,,
,,,
MIST,1,2020-12-07,11:40:31
MIST,0,2020-12-07,11:43:01
MIST,0,2020-12-07,11:43:01
MIST,0,2020-12-07,11:43:01
MIST,1,2020-12-07,12:00:01
MIST,0,2020-12-07,12:02:31
MIST,0,2020-12-07,12:02:31
MIST,0,2020-12-07,12:02:31
MIST,1,2020-12-07,12:19:31
MIST,0,2020-12-07,12:23:01
MIST,1,2020-12-07,12:31:01
MIST,0,2020-12-07,12:34:01
MIST,0,2020-12-07,12:34:01
MIST,0,2020-12-07,12:34:01
MIST,1,2020-12-07,12:46:01
MIST,0,2020-12-07,12:48:31
MIST,1,2020-12-07,13:07:01
MIST,0,2020-12-07,13:09:31
MIST,1,2020-12-07,13:20:31
MIST,0,2020-12-07,13:23:31
MIST,1,2020-12-07,13:35:31
MIST,0,2020-12-07,13:38:01
MIST,1,2020-12-07,14:07:01
MIST,0,2020-12-07,14:09:31
MIST,0,2020-12-07,14:09:31
MIST,0,2020-12-07,14:09:31
MIST,1,2020-12-07,14:37:01
MIST,0,2020-12-07,14:39:31
MIST,1,2020-12-07,15:17:31
MIST,0,2020-12-07,15:18:01
MIST,0,2020-12-07,15:18:01
MIST,0,2020-12-07,15:18:01
MIST,0,2020-12-07,15:18:01
MIST,0,2020-12-07,15:18:01
MIST,1,2020-12-07,15:32:31
MIST,0,2020-12-07,15:33:01
MIST,0,2020-12-07,15:33:01
,,,
,,,
,,,
,,,
,,,
,,,
,,,
,,,
,,,
,,,
,,,
,,,
,,,
,,,
,,,
,,,
,,,
,,,
,,,
,,,
,,,
MIST,1,2020-12-08,11:37:31
MIST,0,2020-12-08,11:39:31
MIST,1,2020-12-08,12:03:31
MIST,0,2020-12-08,12:06:01
MIST,1,2020-12-08,12:20:01
MIST,0,2020-12-08,12:22:31
MIST,0,2020-12-08,12:22:31
MIST,0,2020-12-08,12:22:31
MIST,1,2020-12-08,12:44:01
MIST,0,2020-12-08,12:47:01
MIST,1,2020-12-08,13:03:31
MIST,0,2020-12-08,13:06:31
MIST,1,2020-12-08,13:34:31
MIST,0,2020-12-08,13:38:01
MIST,0,2020-12-08,13:38:01
MIST,0,2020-12-08,13:38:01
MIST,0,2020-12-08,13:38:01
MIST,0,2020-12-08,13:38:01
MIST,0,2020-12-08,13:38:01
MIST,0,2020-12-08,13:38:01
MIST,1,2020-12-08,14:17:01
MIST,0,2020-12-08,14:19:31
MIST,0,2020-12-08,14:19:31
,,,
,,,
,,,
,,,
,,,
,,,
,,,
MIST,1,2020-12-09,11:09:01
MIST,0,2020-12-09,11:09:31
MIST,1,2020-12-09,11:33:01
MIST,0,2020-12-09,11:35:31
MIST,0,2020-12-09,11:35:31
MIST,0,2020-12-09,11:35:31
MIST,1,2020-12-09,11:59:31
MIST,0,2020-12-09,12:02:31
MIST,1,2020-12-09,12:13:31
MIST,0,2020-12-09,12:16:01
MIST,1,2020-12-09,12:29:01
MIST,0,2020-12-09,12:31:31
MIST,0,2020-12-09,12:31:31
MIST,0,2020-12-09,12:31:31
MIST,1,2020-12-09,12:42:01
MIST,0,2020-12-09,12:44:31
MIST,1,2020-12-09,13:06:31
MIST,0,2020-12-09,13:12:01
MIST,1,2020-12-09,13:24:31
MIST,0,2020-12-09,13:27:01
MIST,1,2020-12-09,13:36:01
MIST,0,2020-12-09,13:38:31
MIST,1,2020-12-09,13:44:01
MIST,0,2020-12-09,13:45:01
MIST,1,2020-12-09,13:48:01
MIST,0,2020-12-09,13:48:31
MIST,1,2020-12-09,13:54:31
MIST,0,2020-12-09,13:56:31
MIST,1,2020-12-09,14:06:01
MIST,0,2020-12-09,14:09:01
MIST,0,2020-12-09,14:09:01
MIST,0,2020-12-09,14:09:01
MIST,1,2020-12-09,14:34:01
MIST,0,2020-12-09,14:37:01
MIST,0,2020-12-09,14:37:01
MIST,0,2020-12-09,14:37:01
MIST,1,2020-12-09,14:55:31
MIST,0,2020-12-09,14:57:01
MIST,1,2020-12-09,15:35:01
MIST,0,2020-12-09,15:35:31
MIST,0,2020-12-09,15:35:31
MIST,0,2020-12-09,15:35:31
MIST,0,2020-12-09,15:35:31
MIST,0,2020-12-09,15:35:31
MIST,0,2020-12-09,15:35:31
MIST,0,2020-12-09,15:35:31
MIST,0,2020-12-09,15:35:31
MIST,0,2020-12-09,15:35:31
MIST,1,2020-12-09,15:50:31
MIST,0,2020-12-09,15:51:31
MIST,0,2020-12-09,15:51:31
MIST,0,2020-12-09,15:51:31
MIST,1,2020-12-09,16:00:01
MIST,0,2020-12-09,16:00:31
MIST,0,2020-12-09,16:00:31
,,,
,,,
,,,
,,,
,,,
,,,
,,,
,,,
,,,
,,,
,,,
MIST,1,2020-12-10,12:52:01
MIST,0,2020-12-10,12:54:31
MIST,1,2020-12-10,13:13:01
MIST,0,2020-12-10,13:15:31
MIST,0,2020-12-10,13:15:31
MIST,0,2020-12-10,13:15:31
MIST,1,2020-12-10,13:28:31
MIST,0,2020-12-10,13:30:31
MIST,0,2020-12-10,13:30:31
MIST,0,2020-12-10,13:30:31
MIST,0,2020-12-10,13:30:31
MIST,0,2020-12-10,13:30:31
MIST,0,2020-12-10,13:30:31
,,,
,,,
,,,
,,,
,,,
MIST,1,2020-12-11,11:49:01
MIST,0,2020-12-11,11:52:01
MIST,0,2020-12-11,11:52:01
MIST,0,2020-12-11,11:52:01
MIST,1,2020-12-11,12:19:31
MIST,0,2020-12-11,12:22:01
MIST,0,2020-12-11,12:22:01
MIST,0,2020-12-11,12:22:01
MIST,1,2020-12-11,12:46:31
MIST,0,2020-12-11,12:49:31
MIST,0,2020-12-11,12:49:31
MIST,0,2020-12-11,12:49:31
MIST,1,2020-12-11,13:17:31
MIST,0,2020-12-11,13:20:31
MIST,1,2020-12-11,13:24:01
MIST,0,2020-12-11,15:09:31
MIST,0,2020-12-11,15:09:31
,,,
MIST,1,2020-12-12,12:40:31
MIST,0,2020-12-12,14:17:01
MIST,0,2020-12-12,14:17:01
,,,
,,,
,,,
,,,
,,,
MIST,1,2020-12-13,10:14:01
MIST,0,2020-12-13,10:31:31
MIST,1,2020-12-13,10:32:01
MIST,0,2020-12-13,10:46:01
MIST,1,2020-12-13,10:56:01
MIST,0,2020-12-13,12:56:31
MIST,1,2020-12-13,13:06:01
MIST,0,2020-12-13,13:14:31
MIST,1,2020-12-13,13:20:01
MIST,0,2020-12-13,14:22:31
MIST,0,2020-12-13,14:22:31
,,,
,,,
,,,
,,,
,,,
,,,
,,,
MIST,1,2020-12-14,12:31:31
MIST,0,2020-12-14,13:33:01
MIST,1,2020-12-14,13:56:01
MIST,0,2020-12-14,14:02:01
MIST,0,2020-12-14,14:02:01
,,,
,,,
,,,
,,,
,,,
,,,
,,,
,,,
,,,
,,,
,,,
MIST,1,2020-12-15,11:07:31
MIST,0,2020-12-15,11:54:31
MIST,1,2020-12-15,12:19:01
MIST,0,2020-12-15,14:54:31
MIST,0,2020-12-15,14:54:31
MIST,0,2020-12-15,14:54:31
MIST,0,2020-12-15,14:54:31
,,,
MIST,1,2020-12-16,10:19:01
MIST,0,2020-12-16,10:45:01
MIST,1,2020-12-16,10:45:31
MIST,0,2020-12-16,10:52:01
MIST,1,2020-12-16,10:52:31
MIST,0,2020-12-16,11:51:31
MIST,1,2020-12-16,12:02:31
MIST,0,2020-12-16,12:05:01
MIST,1,2020-12-16,12:15:01
MIST,0,2020-12-16,12:18:01
MIST,1,2020-12-16,12:24:01
MIST,0,2020-12-16,12:26:31
MIST,1,2020-12-16,12:48:31
MIST,0,2020-12-16,12:52:01
MIST,1,2020-12-16,13:00:01
MIST,0,2020-12-16,13:03:01
MIST,1,2020-12-16,13:14:01
MIST,0,2020-12-16,13:16:31
MIST,0,2020-12-16,13:16:31
MIST,0,2020-12-16,13:16:31
MIST,1,2020-12-16,13:46:01
MIST,0,2020-12-16,13:48:31
MIST,1,2020-12-16,13:59:01
MIST,0,2020-12-16,14:02:01
MIST,1,2020-12-16,14:12:31
MIST,0,2020-12-16,14:15:01
MIST,1,2020-12-16,14:19:01
MIST,0,2020-12-16,14:19:31
MIST,1,2020-12-16,14:20:01
MIST,0,2020-12-16,14:21:31
MIST,1,2020-12-16,14:28:31
MIST,0,2020-12-16,14:32:01
MIST,0,2020-12-16,14:32:01
MIST,0,2020-12-16,14:32:01
MIST,1,2020-12-16,14:51:01
MIST,0,2020-12-16,14:54:01
MIST,0,2020-12-16,14:54:01
MIST,0,2020-12-16,14:54:01
MIST,1,2020-12-16,15:01:01
MIST,0,2020-12-16,15:03:31
MIST,0,2020-12-16,15:03:31
MIST,0,2020-12-16,15:03:31
MIST,1,2020-12-16,15:12:01
MIST,0,2020-12-16,15:15:01
MIST,1,2020-12-16,15:28:01
MIST,0,2020-12-16,15:30:01
MIST,0,2020-12-16,15:30:01
,,,
,,,
,,,
,,,
,,,
,,,
,,,
,,,
,,,
,,,
,,,
,,,
,,,
,,,
,,,
,,,
,,,
MIST,1,2020-12-17,10:46:31
MIST,0,2020-12-17,10:55:01
MIST,1,2020-12-17,10:55:31
MIST,0,2020-12-17,11:15:31
MIST,1,2020-12-17,11:46:01
MIST,0,2020-12-17,12:04:01
MIST,1,2020-12-17,12:35:01
MIST,0,2020-12-17,12:55:31
MIST,1,2020-12-17,13:18:01
MIST,0,2020-12-17,13:59:31
MIST,1,2020-12-17,14:07:31
MIST,0,2020-12-17,14:18:01
MIST,0,2020-12-17,14:18:01
MIST,0,2020-12-17,14:18:01
MIST,0,2020-12-17,14:18:01
,,,
,,,
,,,
,,,
,,,
,,,
,,,
MIST,1,2020-12-18,11:13:31
MIST,0,2020-12-18,11:17:01
MIST,1,2020-12-18,11:35:01
MIST,0,2020-12-18,11:38:01
MIST,0,2020-12-18,11:38:01
MIST,0,2020-12-18,11:38:01
MIST,1,2020-12-18,12:07:01
MIST,0,2020-12-18,12:10:01
MIST,1,2020-12-18,12:24:01
MIST,0,2020-12-18,12:26:31
MIST,1,2020-12-18,12:34:31
MIST,0,2020-12-18,12:38:01
MIST,1,2020-12-18,12:50:31
MIST,0,2020-12-18,12:52:31
MIST,1,2020-12-18,13:04:01
MIST,0,2020-12-18,13:07:01
MIST,0,2020-12-18,13:07:01
MIST,0,2020-12-18,13:07:01
MIST,1,2020-12-18,13:24:01
MIST,0,2020-12-18,13:26:01
MIST,0,2020-12-18,13:26:01
MIST,0,2020-12-18,13:26:01
MIST,0,2020-12-18,13:26:01
MIST,0,2020-12-18,13:26:01
MIST,1,2020-12-18,14:19:31
MIST,0,2020-12-18,14:22:31
MIST,0,2020-12-18,14:22:31
MIST,0,2020-12-18,14:22:31
MIST,0,2020-12-18,14:22:31
MIST,0,2020-12-18,14:22:31
MIST,0,2020-12-18,14:22:31
MIST,0,2020-12-18,14:22:31
MIST,0,2020-12-18,14:22:31
MIST,0,2020-12-18,14:22:31
MIST,0,2020-12-18,14:22:31
,,,
,,,
,,,
,,,
,,,
,,,
,,,
,,,
,,,
,,,
,,,
,,,
,,,
,,,
,,,
,,,
,,,
MIST,1,2020-12-19,13:26:01
MIST,0,2020-12-19,13:28:31
MIST,0,2020-12-19,13:28:31
MIST,0,2020-12-19,13:28:31
MIST,0,2020-12-19,13:28:31
MIST,0,2020-12-19,13:28:31
MIST,1,2020-12-19,13:59:01
MIST,0,2020-12-19,14:02:31
MIST,1,2020-12-19,14:13:01
MIST,0,2020-12-19,14:16:01
MIST,0,2020-12-19,14:16:01
MIST,0,2020-12-19,14:16:01
MIST,0,2020-12-19,14:16:01
,,,
,,,
,,,
,,,
,,,
,,,
,,,
,,,
,,,
,,,
,,,
,,,
,,,
,,,
,,,
,,,
,,,
,,,
,,,
,,,
,,,
,,,
,,,
,,,
,,,
,,,
,,,
MIST,1,2020-12-23,11:01:01
MIST,0,2020-12-23,11:03:31
MIST,0,2020-12-23,11:03:31
MIST,0,2020-12-23,11:03:31
MIST,1,2020-12-23,11:48:31
MIST,0,2020-12-23,11:51:31
MIST,0,2020-12-23,11:51:31
MIST,0,2020-12-23,11:51:31
MIST,1,2020-12-23,12:16:31
MIST,0,2020-12-23,12:19:01
MIST,1,2020-12-23,12:29:31
MIST,0,2020-12-23,12:31:31
MIST,1,2020-12-23,13:21:01
MIST,0,2020-12-23,13:23:01
MIST,1,2020-12-23,13:36:01
MIST,0,2020-12-23,13:39:01
MIST,0,2020-12-23,13:39:01
MIST,0,2020-12-23,13:39:01
MIST,1,2020-12-23,14:00:01
MIST,0,2020-12-23,14:02:01
MIST,0,2020-12-23,14:02:01
MIST,0,2020-12-23,14:02:01
MIST,0,2020-12-23,14:02:01
MIST,0,2020-12-23,14:02:01
MIST,0,2020-12-23,14:02:01
MIST,0,2020-12-23,14:02:01
MIST,0,2020-12-23,14:02:01
MIST,0,2020-12-23,14:02:01
MIST,0,2020-12-23,14:02:01
,,,
,,,
,,,
,,,
,,,
,,,
,,,
,,,
,,,
,,,
,,,
,,,
,,,
MIST,1,2020-12-24,10:43:31
MIST,0,2020-12-24,10:46:01
MIST,0,2020-12-24,10:46:01
MIST,0,2020-12-24,10:46:01
MIST,1,2020-12-24,11:18:31
MIST,0,2020-12-24,11:20:31
MIST,1,2020-12-24,11:36:31
MIST,0,2020-12-24,11:38:01
MIST,0,2020-12-24,11:38:01
MIST,0,2020-12-24,11:38:01
MIST,1,2020-12-24,12:20:01
MIST,0,2020-12-24,12:23:01
MIST,0,2020-12-24,12:23:01
MIST,0,2020-12-24,12:23:01
MIST,0,2020-12-24,12:23:01
MIST,0,2020-12-24,12:23:01
MIST,0,2020-12-24,12:23:01
MIST,0,2020-12-24,12:23:01
MIST,0,2020-12-24,12:23:01
MIST,0,2020-12-24,12:23:01
MIST,0,2020-12-24,12:23:01
MIST,0,2020-12-24,12:23:01
MIST,0,2020-12-24,12:23:01
MIST,0,2020-12-24,12:23:01
MIST,0,2020-12-24,12:23:01
MIST,0,2020-12-24,12:23:01
MIST,0,2020-12-24,12:23:01
MIST,0,2020-12-24,12:23:01
MIST,0,2020-12-24,12:23:01
MIST,0,2020-12-24,12:23:01
MIST,0,2020-12-24,12:23:01
,,,
,,,
,,,
,,,
,,,
,,,
,,,
,,,
,,,
,,,
,,,
,,,
,,,
,,,
,,,
,,,
,,,
,,,
,,,
,,,
,,,
,,,
,,,
,,,
,,,
MIST,1,2020-12-25,11:27:31
MIST,0,2020-12-25,11:31:01
MIST,1,2020-12-25,11:46:31
MIST,0,2020-12-25,11:47:31
MIST,1,2020-12-25,12:11:01
MIST,0,2020-12-25,12:14:01
MIST,1,2020-12-25,12:51:31
MIST,0,2020-12-25,12:54:01
MIST,1,2020-12-25,13:09:31
MIST,0,2020-12-25,13:12:31
MIST,0,2020-12-25,13:12:31
MIST,0,2020-12-25,13:12:31
MIST,0,2020-12-25,13:12:31
,,,
,,,
,,,
,,,
,,,
,,,
,,,
,,,
,,,
,,,
,,,
,,,
,,,
,,,
,,,
,,,
,,,
,,,
,,,
MIST,1,2020-12-27,11:11:31
MIST,0,2020-12-27,11:13:31
MIST,0,2020-12-27,11:13:31
MIST,0,2020-12-27,11:13:31
MIST,0,2020-12-27,11:13:31
MIST,0,2020-12-27,11:13:31
MIST,0,2020-12-27,11:13:31
MIST,0,2020-12-27,11:13:31
MIST,1,2020-12-27,12:52:01
MIST,0,2020-12-27,12:54:01
MIST,0,2020-12-27,12:54:01
MIST,0,2020-12-27,12:54:01
MIST,1,2020-12-27,13:26:31
MIST,0,2020-12-27,13:30:01
MIST,0,2020-12-27,13:30:01
MIST,0,2020-12-27,13:30:01
MIST,0,2020-12-27,13:30:01
MIST,0,2020-12-27,13:30:01
MIST,0,2020-12-27,13:30:01
MIST,0,2020-12-27,13:30:01
MIST,0,2020-12-27,13:30:01
MIST,0,2020-12-27,13:30:01
MIST,1,2020-12-27,14:52:31
MIST,0,2020-12-27,14:56:01
MIST,0,2020-12-27,14:56:01
MIST,0,2020-12-27,14:56:01
MIST,0,2020-12-27,14:56:01
,,,
,,,
,,,
,,,
,,,
,,,
,,,
,,,
,,,
,,,
,,,
,,,
,,,
MIST,1,2020-12-28,10:23:01
MIST,0,2020-12-28,10:23:31
MIST,0,2020-12-28,10:23:31
MIST,0,2020-12-28,10:23:31
MIST,1,2020-12-28,10:50:31
MIST,0,2020-12-28,10:53:31
MIST,0,2020-12-28,10:53:31
MIST,0,2020-12-28,10:53:31
MIST,0,2020-12-28,10:53:31
MIST,0,2020-12-28,10:53:31
MIST,0,2020-12-28,10:53:31
MIST,0,2020-12-28,10:53:31
MIST,0,2020-12-28,10:53:31
,,,
,,,
,,,
,,,
,,,
,,,
,,,
,,,
,,,
,,,
,,,
,,,
,,,
,,,
,,,
,,,
,,,
,,,
,,,
,,,
,,,
,,,
,,,
,,,
,,,
,,,
,,,
,,,
,,,
,,,
,,,
MIST,1,2020-12-29,10:24:31
MIST,0,2020-12-29,10:27:01
MIST,1,2020-12-29,10:50:31
MIST,0,2020-12-29,10:54:01
MIST,0,2020-12-29,10:54:01
MIST,0,2020-12-29,10:54:01
MIST,1,2020-12-29,11:12:01
MIST,1,2020-12-29,11:12:01
MIST,0,2020-12-29,11:15:01
MIST,0,2020-12-29,11:15:01
MIST,0,2020-12-29,11:15:01
MIST,0,2020-12-29,11:15:01
MIST,1,2020-12-29,11:25:01
MIST,0,2020-12-29,11:27:31
MIST,0,2020-12-29,11:27:31
MIST,0,2020-12-29,11:27:31
MIST,1,2020-12-29,11:43:01
MIST,0,2020-12-29,11:50:01
MIST,1,2020-12-29,11:57:01
MIST,0,2020-12-29,11:59:31
MIST,0,2020-12-29,11:59:31
MIST,0,2020-12-29,11:59:31
MIST,0,2020-12-29,11:59:31
MIST,0,2020-12-29,11:59:31
MIST,1,2020-12-29,12:20:01
MIST,0,2020-12-29,12:22:01
MIST,1,2020-12-29,12:32:01
MIST,0,2020-12-29,12:35:01
MIST,1,2020-12-29,12:43:01
MIST,0,2020-12-29,12:46:01
MIST,1,2020-12-29,12:54:01
MIST,0,2020-12-29,12:57:01
MIST,1,2020-12-29,13:03:01
MIST,0,2020-12-29,13:05:31
MIST,0,2020-12-29,13:05:31
MIST,0,2020-12-29,13:05:31
MIST,1,2020-12-29,13:15:01
MIST,0,2020-12-29,13:17:31
MIST,1,2020-12-29,13:23:31
MIST,0,2020-12-29,13:27:01
MIST,1,2020-12-29,13:36:01
MIST,0,2020-12-29,13:39:31
MIST,1,2020-12-29,13:46:31
MIST,0,2020-12-29,13:50:31
MIST,1,2020-12-29,13:57:01
MIST,0,2020-12-29,14:00:01
MIST,0,2020-12-29,14:00:01
MIST,0,2020-12-29,14:00:01
MIST,1,2020-12-29,14:07:01
MIST,0,2020-12-29,14:11:01
MIST,1,2020-12-29,14:20:01
MIST,0,2020-12-29,14:24:31
MIST,1,2020-12-29,14:53:31
MIST,0,2020-12-29,14:56:01
MIST,0,2020-12-29,14:56:01
MIST,0,2020-12-29,14:56:01
MIST,0,2020-12-29,14:56:01
MIST,0,2020-12-29,14:56:01
MIST,0,2020-12-29,14:56:01
MIST,0,2020-12-29,14:56:01
MIST,0,2020-12-29,14:56:01
MIST,0,2020-12-29,14:56:01
MIST,0,2020-12-29,14:56:01
MIST,0,2020-12-29,14:56:01
MIST,0,2020-12-29,14:56:01
MIST,0,2020-12-29,14:56:01
MIST,0,2020-12-29,14:56:01
MIST,0,2020-12-29,14:56:01
MIST,0,2020-12-29,14:56:01
MIST,0,2020-12-29,14:56:01
MIST,0,2020-12-29,14:56:01
MIST,0,2020-12-29,14:56:01
MIST,0,2020-12-29,14:56:01
MIST,0,2020-12-29,14:56:01
MIST,0,2020-12-29,14:56:01
MIST,0,2020-12-29,14:56:01
MIST,0,2020-12-29,14:56:01
,,,
,,,
,,,
,,,
,,,
,,,
,,,
,,,
,,,
,,,
,,,
,,,
,,,
,,,
,,,
,,,
,,,
,,,
,,,
,,,
,,,
,,,
,,,
,,,
,,,
,,,
,,,
,,,
,,,
,,,
,,,
,,,
,,,
,,,
,,,
,,,
,,,
,,,
,,,
,,,
,,,
,,,
,,,
,,,
,,,
,,,
,,,
,,,
,,,
,,,
,,,
,,,
,,,
,,,
,,,
,,,
,,,
,,,
,,,
,,,
,,,
,,,
,,,
,,,
,,,
,,,
,,,
,,,
,,,
,,,
,,,
MIST,1,2020-12-30,10:35:31
MIST,0,2020-12-30,10:37:01
MIST,1,2020-12-30,11:05:31
MIST,0,2020-12-30,11:08:01
MIST,1,2020-12-30,12:14:31
MIST,0,2020-12-30,12:17:31
MIST,0,2020-12-30,12:17:31
MIST,0,2020-12-30,12:17:31
MIST,1,2020-12-30,12:56:01
MIST,0,2020-12-30,12:59:31
MIST,0,2020-12-30,12:59:31
MIST,0,2020-12-30,12:59:31
MIST,1,2020-12-30,13:20:31
MIST,0,2020-12-30,13:23:31
MIST,0,2020-12-30,13:23:31
MIST,0,2020-12-30,13:23:31
MIST,1,2020-12-30,13:35:31
MIST,0,2020-12-30,13:39:01
MIST,1,2020-12-30,13:54:31
MIST,0,2020-12-30,13:57:01
MIST,1,2020-12-30,14:10:01
MIST,0,2020-12-30,14:13:31
MIST,1,2020-12-30,14:23:31
MIST,0,2020-12-30,14:26:01
MIST,1,2020-12-30,14:43:31
MIST,0,2020-12-30,14:47:01
MIST,1,2020-12-30,14:51:31
MIST,0,2020-12-30,14:54:31
MIST,0,2020-12-30,14:54:31
MIST,0,2020-12-30,14:54:31
MIST,1,2020-12-30,15:15:01
MIST,0,2020-12-30,15:20:01
MIST,0,2020-12-30,15:20:01
MIST,0,2020-12-30,15:20:01
MIST,0,2020-12-30,15:20:01
MIST,0,2020-12-30,15:20:01
MIST,0,2020-12-30,15:20:01
MIST,0,2020-12-30,15:20:01
MIST,0,2020-12-30,15:20:01
MIST,0,2020-12-30,15:20:01
MIST,0,2020-12-30,15:20:01
MIST,0,2020-12-30,15:20:01
MIST,0,2020-12-30,15:20:01
MIST,0,2020-12-30,15:20:01
MIST,0,2020-12-30,15:20:01
,,,
,,,
,,,
,,,
,,,
,,,
,,,
,,,
,,,
,,,
,,,
,,,
,,,
,,,
,,,
,,,
,,,
,,,
,,,
,,,
,,,
,,,
,,,
,,,
,,,
,,,
,,,
,,,
,,,
MIST,1,2021-01-04,10:27:01
MIST,0,2021-01-04,10:28:01
MIST,1,2021-01-04,10:34:01
MIST,0,2021-01-04,10:36:31
MIST,1,2021-01-04,10:57:01
MIST,0,2021-01-04,11:02:31
MIST,1,2021-01-04,11:03:31
MIST,0,2021-01-04,11:08:31
MIST,0,2021-01-04,11:08:31
MIST,0,2021-01-04,11:08:31
MIST,0,2021-01-04,11:08:31
MIST,0,2021-01-04,11:08:31
MIST,0,2021-01-04,11:08:31
MIST,0,2021-01-04,11:08:31
MIST,0,2021-01-04,11:08:31
MIST,0,2021-01-04,11:08:31
MIST,1,2021-01-04,13:45:31
MIST,0,2021-01-04,13:50:01
MIST,0,2021-01-04,13:50:01
MIST,0,2021-01-04,13:50:01
MIST,0,2021-01-04,13:50:01
,,,
,,,
,,,
,,,
,,,
,,,
,,,
,,,
,,,
,,,
,,,
,,,
,,,
,,,
,,,
,,,
,,,
,,,
,,,
,,,
,,,
,,,
,,,
,,,
,,,
,,,
,,,
,,,
,,,
,,,
,,,
,,,
,,,
MIST,1,2021-01-05,10:07:31
MIST,0,2021-01-05,10:09:01
MIST,0,2021-01-05,10:09:01
MIST,0,2021-01-05,10:09:01
MIST,1,2021-01-05,10:21:31
MIST,0,2021-01-05,10:22:01
MIST,0,2021-01-05,10:22:01
MIST,0,2021-01-05,10:22:01
MIST,0,2021-01-05,10:22:01
MIST,0,2021-01-05,10:22:01
MIST,1,2021-01-05,10:37:01
MIST,1,2021-01-05,10:37:01
MIST,0,2021-01-05,10:40:31
MIST,0,2021-01-05,10:40:31
MIST,0,2021-01-05,10:40:31
MIST,0,2021-01-05,10:40:31
MIST,0,2021-01-05,10:40:31
MIST,0,2021-01-05,10:40:31
MIST,0,2021-01-05,10:40:31
MIST,0,2021-01-05,10:40:31
MIST,0,2021-01-05,10:40:31
MIST,0,2021-01-05,10:40:31
MIST,1,2021-01-05,11:29:31
MIST,0,2021-01-05,11:33:01
MIST,1,2021-01-05,11:57:31
MIST,0,2021-01-05,12:00:01
MIST,0,2021-01-05,12:00:01
MIST,0,2021-01-05,12:00:01
MIST,0,2021-01-05,12:00:01
MIST,0,2021-01-05,12:00:01
MIST,1,2021-01-05,13:02:01
MIST,0,2021-01-05,13:05:31
MIST,0,2021-01-05,13:05:31
MIST,0,2021-01-05,13:05:31
MIST,1,2021-01-05,13:45:31
MIST,0,2021-01-05,13:48:01
MIST,0,2021-01-05,13:48:01
MIST,0,2021-01-05,13:48:01
MIST,0,2021-01-05,13:48:01
,,,
,,,
,,,
,,,
,,,
,,,
,,,
,,,
,,,
,,,
,,,
,,,
,,,
,,,
,,,
,,,
,,,
,,,
,,,
,,,
,,,
MIST,1,2021-01-06,10:12:31
MIST,1,2021-01-06,10:12:31
MIST,0,2021-01-06,10:13:31
MIST,0,2021-01-06,10:13:31
MIST,1,2021-01-06,10:16:31
MIST,0,2021-01-06,10:17:01
MIST,1,2021-01-06,10:17:31
MIST,0,2021-01-06,10:18:01
MIST,0,2021-01-06,10:18:01
MIST,0,2021-01-06,10:18:01
MIST,1,2021-01-06,10:22:31
MIST,0,2021-01-06,10:23:01
MIST,1,2021-01-06,10:23:31
MIST,0,2021-01-06,10:25:01
MIST,1,2021-01-06,10:32:31
MIST,0,2021-01-06,10:35:01
MIST,0,2021-01-06,10:35:01
MIST,0,2021-01-06,10:35:01
MIST,0,2021-01-06,10:35:01
MIST,0,2021-01-06,10:35:01
MIST,0,2021-01-06,10:35:01
MIST,0,2021-01-06,10:35:01
MIST,0,2021-01-06,10:35:01
MIST,0,2021-01-06,10:35:01
MIST,1,2021-01-06,11:34:31
MIST,0,2021-01-06,11:35:31
MIST,0,2021-01-06,11:35:31
MIST,0,2021-01-06,11:35:31
MIST,0,2021-01-06,11:35:31
,,,
,,,
,,,
,,,
,,,
,,,
,,,
,,,
,,,
,,,
,,,
,,,
,,,
,,,
,,,
,,,
,,,
,,,
,,,
MIST,1,2021-01-07,12:37:01
MIST,0,2021-01-07,12:40:01
MIST,1,2021-01-07,12:50:01
MIST,0,2021-01-07,12:54:01
MIST,0,2021-01-07,12:54:01
MIST,0,2021-01-07,12:54:01
MIST,0,2021-01-07,12:54:01
MIST,0,2021-01-07,12:54:01
MIST,0,2021-01-07,12:54:01
MIST,0,2021-01-07,12:54:01
MIST,0,2021-01-07,12:54:01
,,,
,,,
,,,
,,,
,,,
,,,
,,,
,,,
,,,
,,,
,,,
MIST,1,2021-01-08,10:11:31
MIST,0,2021-01-08,10:13:31
MIST,0,2021-01-08,10:13:31
MIST,0,2021-01-08,10:13:31
MIST,1,2021-01-08,10:25:01
MIST,0,2021-01-08,10:25:31
MIST,0,2021-01-08,10:25:31
MIST,0,2021-01-08,10:25:31
MIST,0,2021-01-08,10:25:31
MIST,0,2021-01-08,10:25:31
MIST,1,2021-01-08,11:33:31
MIST,0,2021-01-08,11:35:01
MIST,1,2021-01-08,11:49:31
MIST,0,2021-01-08,11:52:31
MIST,1,2021-01-08,12:05:31
MIST,0,2021-01-08,12:09:01
MIST,1,2021-01-08,12:20:01
MIST,0,2021-01-08,12:23:01
MIST,1,2021-01-08,12:33:01
MIST,0,2021-01-08,12:36:01
MIST,1,2021-01-08,12:51:01
MIST,0,2021-01-08,12:54:31
MIST,1,2021-01-08,13:05:31
MIST,0,2021-01-08,13:08:01
MIST,0,2021-01-08,13:08:01
MIST,0,2021-01-08,13:08:01
MIST,0,2021-01-08,13:08:01
MIST,0,2021-01-08,13:08:01
MIST,0,2021-01-08,13:08:01
MIST,0,2021-01-08,13:08:01
MIST,0,2021-01-08,13:08:01
MIST,0,2021-01-08,13:08:01
MIST,0,2021-01-08,13:08:01
MIST,0,2021-01-08,13:08:01
MIST,0,2021-01-08,13:08:01
,,,
,,,
,,,
,,,
